<?xml version="1.0"?>
<!DOCTYPE Configure PUBLIC "-//Mort Bay Consulting//DTD Configure//EN" "http://www.eclipse.org/jetty/configure.dtd">

<Configure id="Server" class="org.eclipse.jetty.server.Server">

    <Call name="addBean">
        <Arg>
            <New class="org.eclipse.jetty.security.HashLoginService">
                <Set name="name">ApiAdminRealm</Set>
                <Set name="config"><SystemProperty name="api.config.path" default="/etc/api"/>/apiadmin-realm.properties</Set>
                <Set name="refreshInterval">0</Set>
            </New>
        </Arg>
    </Call>

    <!-- =========================================================== -->
    <!-- Support jetty-env.xml in webapps                         -->
    <!-- =========================================================== -->
    <Call name="setAttribute">
        <Arg>org.eclipse.jetty.webapp.configuration</Arg>
        <Arg>
            <Array type="java.lang.String">
                <Item>org.eclipse.jetty.webapp.WebInfConfiguration</Item>
                <Item>org.eclipse.jetty.webapp.WebXmlConfiguration</Item>
                <Item>org.eclipse.jetty.webapp.MetaInfConfiguration</Item>
                <Item>org.eclipse.jetty.webapp.FragmentConfiguration</Item>
                <Item>org.eclipse.jetty.plus.webapp.EnvConfiguration</Item>
                <Item>org.eclipse.jetty.plus.webapp.PlusConfiguration</Item>
                <Item>org.eclipse.jetty.webapp.JettyWebXmlConfiguration</Item>
                <Item>org.eclipse.jetty.webapp.TagLibConfiguration</Item>
            </Array>
        </Arg>
    </Call>

</Configure>