<?xml version="1.0" encoding="UTF-8"?>

<!DOCTYPE Configure PUBLIC "-//Mort Bay Consulting//DTD Configure//EN" "http://www.eclipse.org/jetty/configure.dtd">
<Configure class="org.eclipse.jetty.webapp.WebAppContext">

    <New id="cmicDs" class="org.eclipse.jetty.plus.jndi.Resource">
        <Arg>jdbc/cmic_db</Arg>
        <Arg>
            <New class="oracle.jdbc.pool.OracleDataSource">
                <Set name="DriverType">thin</Set>
                <Set name="URL">jdbc:oracle:thin:@THADCULORA07:1521:BUCMI01</Set>
                <Set name="User">MAPPCMIC</Set>
                <Set name="Password">L9mUNPMOXU</Set>
                <Set name="connectionCachingEnabled">true</Set>
                <Set name="connectionCacheProperties">
                    <New class="java.util.Properties">
                        <Call name="setProperty">
                            <Arg>MinLimit</Arg>
                            <Arg>5</Arg>
                        </Call>
                        <!-- put the other properties in here too -->
                    </New>
                </Set>
            </New>
        </Arg>
    </New>

</Configure>