<?xml version="1.0" encoding="UTF-8"?>
<PRINT>
    <FORM>
        <KEY>
            <FORMID>C20301</FORMID>
            <POLICYNO>P018205897</POLICYNO>
            <COMPANY>051</COMPANY>
            <CYCLEDATE>05/04/2020 14:42:15</CYCLEDATE>
            <USERID>bclm217</USERID>
            <USERNAME></USERNAME>
            <ADMITFROM>04/04/2020</ADMITFROM>
            <ADMITTO>05/04/2020</ADMITTO>
            <SUBMISSIONDATE>05/04/2020 14:10:45</SUBMISSIONDATE>
            <INSUREDFIRSTNAME>สมเกียรติ</INSUREDFIRSTNAME>
            <INSUREDLASTNAME>โพธิกุล</INSUREDLASTNAME>
            <HOSPITALNAME>โรงพยาบาลพรชัย</HOSPITALNAME>
        </KEY>
        <CONTENT>
            <FIELD NAME="Policyno_1_txt" VALUE=""/>
            <FIELD NAME="Policyno_1_chk" VALUE="false"/>
            <FIELD NAME="Comment_1_txt" VALUE=""/>
            <FIELD NAME="Policyno_2_txt" VALUE=""/>
            <FIELD NAME="Policyno_2_chk" VALUE="false"/>
            <FIELD NAME="Comment_2_txt" VALUE=""/>
            <FIELD NAME="Policyno_3_txt" VALUE=""/>
            <FIELD NAME="Policyno_3_chk" VALUE="false"/>
            <FIELD NAME="Comment_3_txt" VALUE=""/>
            <FIELD NAME="Policyno_4_txt" VALUE=""/>
            <FIELD NAME="Policyno_4_chk" VALUE="false"/>
            <FIELD NAME="Comment_4_txt" VALUE=""/>
            <FIELD NAME="Policyno_5_txt" VALUE=""/>
            <FIELD NAME="Policyno_5_chk" VALUE="false"/>
            <FIELD NAME="Policyno_6_txt" VALUE=""/>
            <FIELD NAME="Policyno_6_chk" VALUE="false"/>
            <FIELD NAME="Comment_6_txt" VALUE=""/>
            <FIELD NAME="Policyno_7_txt" VALUE=""/>
            <FIELD NAME="Policyno_7_chk" VALUE="false"/>
            <FIELD NAME="Comment_7_txt" VALUE=""/>
            <FIELD NAME="Policyno_8_txt" VALUE=""/>
            <FIELD NAME="Policyno_8_chk" VALUE="false"/>
            <FIELD NAME="Comment_8_txt" VALUE=""/>
            <FIELD NAME="Comment2_8_txt" VALUE=""/>
            <FIELD NAME="Policyno_9_txt" VALUE=""/>
            <FIELD NAME="Policyno_9_chk" VALUE="false"/>
            <FIELD NAME="Policyno_11_txt" VALUE=""/>
            <FIELD NAME="Policyno_11_chk" VALUE="false"/>
            <FIELD NAME="Policyno_13_txt" VALUE=""/>
            <FIELD NAME="Policyno_13_chk" VALUE="false"/>
            <FIELD NAME="Policyno_14_txt" VALUE=""/>
            <FIELD NAME="Policyno_14_chk" VALUE="true"/>
            <FIELD NAME="Comment_14_txt" VALUE="ไม่คุ้มครองการรักษาเรื่องโรค"/>
            <FIELD NAME="Comment_16_txt" VALUE=""/>
            <FIELD NAME="Policyno_15_txt" VALUE=""/>
            <FIELD NAME="Policyno_15_chk" VALUE="false"/>
            <FIELD NAME="Comment_18_txt" VALUE=""/>
            <FIELD NAME="Comment_17_txt" VALUE=""/>
        </CONTENT>
    </FORM>
</PRINT>