<FORM>
    <KEY>
        <FORMID>HAPS</FORMID>
        <POLICYNO>T211224277</POLICYNO>
        <PENDINGCODE>HMEDRREP</PENDINGCODE>
        <SUBCORRESPONDENCE>N</SUBCORRESPONDENCE>
        <CYCLEDATE>10 ตุลาคม 2562</CYCLEDATE>
    </KEY>
    <CONTENT>
        <FIELD NAME="claimNo">C000019907</FIELD>
        <FIELD NAME="ClaimLastModified" />
        <FIELD NAME="ClaimName">คุณ000XXXX0 อบทXXXX</FIELD>
		<FIELD NAME="ClaimName2">คุณ000XXXX0 อบทXXXX</FIELD>
		<FIELD NAME="insuredOldName">คุณชื่อเก่า สมัยโน้น</FIELD>
		<FIELD NAME="insuredOldName2">คุณชื่อเก่า สมัยโน้น</FIELD>
        <FIELD NAME="DateTime" />
        <FIELD NAME="AgentName">นางXXXXกันต์ลภัส จิตร์มั่น</FIELD>
        <FIELD NAME="OfficeCode">81J</FIELD>
        <FIELD NAME="AgencyName" />
        <FIELD NAME="AgencyCode">0000005492</FIELD>
        <FIELD NAME="HospitalDate">09 ตุลาคม 2562</FIELD>
        <FIELD NAME="DisChargeDate">09 ตุลาคม 2562</FIELD>
        <FIELD NAME="ReceiveDate">09 ตุลาคม 2562</FIELD>
        <FIELD NAME="Assessor" />
        <FIELD NAME="ProviderNameThai">พญาไท 222</FIELD>
		<FIELD NAME="insuredAge">39</FIELD>
		<FIELD NAME="insuredAge2">39</FIELD>
        <FIELD NAME="ResultDesc" />
        <FIELD NAME="MemoText">เรื่อง ขอสำเนาบันทึกการตรวจรักษาผู้ป่วย</FIELD>
		<FIELD NAME="hn">H123-456789</FIELD>
		<FIELD NAME="an">AIA111-8888</FIELD>
		<FIELD NAME="hn2">H123-456789</FIELD>
		<FIELD NAME="an3">AIA111-8888</FIELD>
		<FIELD NAME="concern">hypertension</FIELD>
		<FIELD NAME="hospitalAddr1">234 ถนนพหลโยธิน</FIELD>
    </CONTENT>
</FORM>