<?xml version="1.0" encoding="UTF-8" standalone="yes"?>
<FORM>
    <KEY>
        <FORMID>HAPS1</FORMID>
        <POLICYNO>T211224277</POLICYNO>
        <PENDINGCODE>HAPS</PENDINGCODE>
        <SUBCORRESPONDENCE>O</SUBCORRESPONDENCE>
        <CYCLEDATE>04 พฤศจิกายน 2562</CYCLEDATE>
    </KEY>
    <CONTENT>
        <FIELD NAME="claimNo">C000020140</FIELD>
        <FIELD NAME="ClaimLastModified" />
        <FIELD NAME="ClaimName">คุณ000XXXX0 อบทXXXX</FIELD>
        <FIELD NAME="DateTime" />
        <FIELD NAME="AgentName">นางXXXXกันต์ลภัส จิตร์มั่น</FIELD>
        <FIELD NAME="OfficeCode">81J</FIELD>
        <FIELD NAME="AgencyName">บารXXXX</FIELD>
        <FIELD NAME="AgencyCode">0000005492</FIELD>
        <FIELD NAME="HospitalDate">28 ตุลาคม 2562</FIELD>
        <FIELD NAME="DisChargeDate">28 ตุลาคม 2562</FIELD>
        <FIELD NAME="ReceiveDate">28 ตุลาคม 2562</FIELD>
        <FIELD NAME="Assessor" />
        <FIELD NAME="ProviderNameThai">โรงพยาบาลพญาไท 2</FIELD>
        <FIELD NAME="ResultDesc" />
        <FIELD NAME="MemoText">เรื่อง ขอทราบประวัติการเจ็บป่วยและการรักษา</FIELD>
        <FIELD NAME="hospitalAddr1">โรงพยาบาลพญาไท 2</FIELD>
        <FIELD NAME="hospitalAddr2">ซอย พหลโยธิน 8</FIELD>
        <FIELD NAME="hospitalAddr3">สามเสนใน พญาไท</FIELD>
        <FIELD NAME="hospitalAddr4">กรุงเทพมหานคร 10400</FIELD>
        <FIELD NAME="insuredAge">20</FIELD>
        <FIELD NAME="insuredOldName" />
        <FIELD NAME="hn" />
        <FIELD NAME="insuredAddr" />
        <FIELD NAME="insuredPhone" />
        <FIELD NAME="claimName2">คุณ000XXXX0 อบทXXXX</FIELD>
        <FIELD NAME="insuredAge2">20</FIELD>
        <FIELD NAME="insuredOldName2" />
        <FIELD NAME="hn2" />
        <FIELD NAME="hospitalAddr5" />
        <FIELD NAME="insuredPhone2" />
        <FIELD NAME="concern"></FIELD>
    </CONTENT>
</FORM>