<?xml version="1.0" encoding="UTF-8" standalone="yes"?>
<FORM>
    <KEY>
        <FORMID>HIPDR</FORMID>
        <POLICYNO>T211224277</POLICYNO>
        <PENDINGCODE>HIPDR_P</PENDINGCODE>
        <SUBCORRESPONDENCE>O</SUBCORRESPONDENCE>
        <CYCLEDATE>22 ตุลาคม 2562</CYCLEDATE>
    </KEY>
    <CONTENT>
        <FIELD NAME="claimNo">C000019907</FIELD>
        <FIELD NAME="ClaimLastModified" />
        <FIELD NAME="ClaimName">คุณ000XXXX0 อบทXXXX</FIELD>
        <FIELD NAME="DateTime" />
        <FIELD NAME="AgentName">นางXXXXกันต์ลภัส จิตร์มั่น</FIELD>
        <FIELD NAME="OfficeCode">81J</FIELD>
        <FIELD NAME="AgencyName" />
        <FIELD NAME="AgencyCode">0000005492</FIELD>
        <FIELD NAME="HospitalDate">09 ตุลาคม 2562</FIELD>
        <FIELD NAME="DisChargeDate">09 ตุลาคม 2562</FIELD>
        <FIELD NAME="ReceiveDate">09 ตุลาคม 2562</FIELD>
        <FIELD NAME="Assessor" />
        <FIELD NAME="ProviderNameThai">โรงพยาบาลพญาไท 2</FIELD>
        <FIELD NAME="ResultDesc" />
        <FIELD NAME="MemoText">เรื่อง ขอสำเนาบันทึกการตรวจรักษาผู้ป่วยใน</FIELD>
        <FIELD NAME="pendingDate" />
		<FIELD NAME="claimName2">คุณศักดิ์ชัย ลัคนาวิเชียน</FIELD>
		<FIELD NAME="hn">H123-456789</FIELD>
		<FIELD NAME="an">AIA111-8888</FIELD>
		<FIELD NAME="headOpd">true</FIELD>
		<FIELD NAME="opdAll"></FIELD>
		<FIELD NAME="opddate"></FIELD>
		<FIELD NAME="opdDateStart">28 ตค. 62</FIELD>
		<FIELD NAME="headIpd"></FIELD>
		<FIELD NAME="ipdDateStart">28 ตค. 62</FIELD>
		<FIELD NAME="ipdDateEnd">30 ตค. 62</FIELD>
		<FIELD NAME="admissionNote"></FIELD>
		<FIELD NAME="summaryDis"></FIELD>
		<FIELD NAME="doctorOrder"></FIELD>
		<FIELD NAME="progressNote"></FIELD>
		<FIELD NAME="craphicChart"></FIELD>
		<FIELD NAME="operationNote"></FIELD>
		<FIELD NAME="nurseNote"></FIELD>
		<FIELD NAME="medician"></FIELD>
		<FIELD NAME="report"></FIELD>
		<FIELD NAME="xRayAll"></FIELD>
		<FIELD NAME="xRayCheck">true</FIELD>
		<FIELD NAME="xRayDate">18 ตุลาคม 2562</FIELD>
		<FIELD NAME="ultraSoundAll"></FIELD>
		<FIELD NAME="ultraSoundCheck"></FIELD>
		<FIELD NAME="ultraSoundDate"></FIELD>
		<FIELD NAME="ctall"></FIELD>
		<FIELD NAME="ctCheck">true</FIELD>
		<FIELD NAME="ctDate">17 ตุลาคม 2562</FIELD>
		<FIELD NAME="mriAll"></FIELD>
		<FIELD NAME="mriCheck"></FIELD>
		<FIELD NAME="mriDate"></FIELD>
		<FIELD NAME="reportAll"></FIELD>
		<FIELD NAME="reportCheck"></FIELD>
		<FIELD NAME="reportDate"></FIELD>
		<FIELD NAME="labAll"></FIELD>
		<FIELD NAME="labCheck"></FIELD>
		<FIELD NAME="labDate"></FIELD>
		<FIELD NAME="otherCheck"></FIELD>
		<FIELD NAME="otherComment"></FIELD>
		<FIELD NAME="ask"></FIELD>
		<FIELD NAME="phone">02333888</FIELD>
		<FIELD NAME="insuredAge">39</FIELD>
		<FIELD NAME="insuredAge2">39</FIELD>
    </CONTENT>
</FORM>