<?xml version="1.0" encoding="UTF-8" standalone="yes"?>
<FORM>
    <KEY>
        <FORMID>HIPDR</FORMID>
        <POLICYNO>T211224277</POLICYNO>
        <PENDINGCODE>HIPDR_P</PENDINGCODE>
        <SUBCORRESPONDENCE>O</SUBCORRESPONDENCE>
        <CYCLEDATE>22 ตุลาคม 2562</CYCLEDATE>
    </KEY>
    <CONTENT>
        <FIELD NAME="claimNo">C000019907</FIELD>
        <FIELD NAME="ClaimLastModified" />
        <FIELD NAME="ClaimName">คุณ000XXXX0 อบทXXXX</FIELD>
        <FIELD NAME="DateTime" />
        <FIELD NAME="AgentName">นางXXXXกันต์ลภัส จิตร์มั่น</FIELD>
        <FIELD NAME="OfficeCode">81J</FIELD>
        <FIELD NAME="AgencyName" />
        <FIELD NAME="AgencyCode">0000005492</FIELD>
        <FIELD NAME="HospitalDate">09 ตุลาคม 2562</FIELD>
        <FIELD NAME="DisChargeDate">09 ตุลาคม 2562</FIELD>
        <FIELD NAME="ReceiveDate">09 ตุลาคม 2562</FIELD>
        <FIELD NAME="Assessor" />
        <FIELD NAME="ProviderNameThai">โรงพยาบาลพญาไท 2</FIELD>
        <FIELD NAME="ResultDesc" />
        <FIELD NAME="MemoText">เรื่อง ขอสำเนาบันทึกการตรวจรักษาผู้ป่วยใน</FIELD>
        <FIELD NAME="pendingDate" />
		<FIELD NAME="claimName2">ศักดิ์ชัย ลัคนาวิเชียน</FIELD>
		<FIELD NAME="hn">HSN7</FIELD>
		<FIELD NAME="an"></FIELD>
		<FIELD NAME="headopd">true</FIELD>
		<FIELD NAME="opdall"></FIELD>
		<FIELD NAME="opddate"></FIELD>
		<FIELD NAME="opddatestart"></FIELD>
		<FIELD NAME="headipd"></FIELD>
		<FIELD NAME="ipddatestart"></FIELD>
		<FIELD NAME="ipddateend"></FIELD>
		<FIELD NAME="admissionnote"></FIELD>
		<FIELD NAME="summarydis"></FIELD>
		<FIELD NAME="doctororder"></FIELD>
		<FIELD NAME="progressnote"></FIELD>
		<FIELD NAME="craphicchart"></FIELD>
		<FIELD NAME="operationnote"></FIELD>
		<FIELD NAME="nursenote"></FIELD>
		<FIELD NAME="medician"></FIELD>
		<FIELD NAME="report"></FIELD>
		<FIELD NAME="xrayall"></FIELD>
		<FIELD NAME="xraycheck">true</FIELD>
		<FIELD NAME="xraydate">18 ตุลาคม 2562</FIELD>
		<FIELD NAME="ultrasoundall"></FIELD>
		<FIELD NAME="ultrasoundcheck"></FIELD>
		<FIELD NAME="ultrasounddate"></FIELD>
		<FIELD NAME="ctall"></FIELD>
		<FIELD NAME="ctcheck">true</FIELD>
		<FIELD NAME="ctdate">17 ตุลาคม 2562</FIELD>
		<FIELD NAME="mriall"></FIELD>
		<FIELD NAME="mricheck"></FIELD>
		<FIELD NAME="mridate"></FIELD>
		<FIELD NAME="reportall"></FIELD>
		<FIELD NAME="reportcheck"></FIELD>
		<FIELD NAME="reportdate"></FIELD>
		<FIELD NAME="laball"></FIELD>
		<FIELD NAME="labcheck"></FIELD>
		<FIELD NAME="labdate"></FIELD>
		<FIELD NAME="othercheck"></FIELD>
		<FIELD NAME="othercomment"></FIELD>
		<FIELD NAME="ask"></FIELD>
		<FIELD NAME="phone"></FIELD>
    </CONTENT>
</FORM>